{
  "integrations": [
    {
      "id": "06699029-27e9-4226-a9ce-b56107f122d1",
      "name": "Loggly Alert - Acknowledge",
      "action": "RUN_SCRIPT",
      "type": "OUTBOUND_WEBHOOK",
      "triggeredBy": "RESPONSE",
      "responseChoice": "Acknowledge",
      "deployed": true,
      "form": "5b696c85-8fa6-4bf2-a1cb-0b88f08e35de",
      "environment": "HOSTED",
      "authType": "NONE",
      "createdBy": "FLOW"
    },
    {
      "id": "62219ae8-8fb6-43b8-ac6b-8c95355edae9",
      "name": "Loggly Alert - Escalate",
      "action": "RUN_SCRIPT",
      "type": "OUTBOUND_WEBHOOK",
      "triggeredBy": "RESPONSE",
      "responseChoice": "Escalate",
      "deployed": true,
      "form": "5b696c85-8fa6-4bf2-a1cb-0b88f08e35de",
      "environment": "HOSTED",
      "authType": "NONE",
      "createdBy": "FLOW"
    },
    {
      "id": "ec3941a8-f37f-4a26-8c2f-94fb2b05e62c",
      "name": "Loggly Alert - Inbound from Loggly",
      "action": "RUN_SCRIPT",
      "type": "INBOUND_WEBHOOK",
      "deployed": true,
      "form": "5b696c85-8fa6-4bf2-a1cb-0b88f08e35de",
      "environment": "HOSTED",
      "authType": "URL",
      "createdBy": "FLOW",
      "integrationScriptStepUuid": "898306eb-13b1-4b5d-a6db-9b9d786519bc"
    }
  ],
  "endpoints": [],
  "constants": []
}