{
  "integrations": [
    {
      "id": "91719da0-35e0-4767-bd5d-d80d381ce4c9",
      "name": "Loggly Incoming",
      "action": "CREATE_EVENT",
      "type": "INBOUND_WEBHOOK",
      "deployed": true,
      "form": "4d6e403f-3832-425e-8a5a-8bed6628a96a",
      "script": "\n\nvar data = JSON.parse( request.body );\n\nproperties = {\n    \"edit_alert_link\": data.edit_alert_link,\n    \"source_group\": data.source_group,\n    \"start_time\": data.start_time,\n    \"end_time\": data.end_time,\n    \"search_link\": data.search_link,\n    \"snooze_link\": data.snooze_link,\n    \"owner_username\": data.owner_username,\n    \"owner_email\": data.owner_email,    \n    \"query\": data.query,\n    \"num_hits\": data.num_hits,\n};\n//\"recipients\" : [ {\"targetName\": callback.recipient } ]     The recipient is controlled by the form or subscription\n\n\nconsole.log( 'Response payload: ' + JSON.stringify( properties ) );\ntrigger.properties = properties;\n\nform.post( trigger );",
      "environment": "HOSTED"
    }
  ],
  "endpoints": [],
  "constants": []
}