{
  "integrations": [
    {
      "id": "8e4ec259-6271-4371-b925-0af3477782e0",
      "name": "Loggly Incoming",
      "action": "RUN_SCRIPT",
      "type": "INBOUND_WEBHOOK",
      "deployed": true,
      "script": "/*\n * To use functions that are defined in a shared library, import\n * the shared library using the require function. You can then\n * access the functions in the shared library. Shared library names\n * are case-sensitive.\n *\n * The following statements show how to use a function named 'myFunction'\n * that is included in a shared library named 'My Shared Library'.\n *\n * var mySharedLibrary = require('My Shared Library');\n * var message = mySharedLibrary.myFunction();\n */\n\n// var data;\n\nvar data = JSON.parse( request.body );\nproperties = {};\nproperties.alert_name = data.alert_name;\n\nconsole.log(properties.alert_name);\n\n\n\n\nvar trigger = JSON.stringify({\n\"properties\": {\n    \"edit_alert_link\": data.edit_alert_link,\n    \"source_group\": data.source_group,\n    \"start_time\": data.start_time,\n    \"end_time\": data.end_time,\n    \"search_link\": data.search_link,\n    \"snooze_link\": data.snooze_link,\n    \"owner_username\": data.owner_username,\n    \"owner_email\": data.owner_email,    \n    \"query\": data.query,\n    \"num_hits\": data.num_hits,\n},\n//\"recipients\" : [ {\"targetName\": callback.recipient } ]     The recipient is controlled by the form or subscription\n});\nconsole.log( 'Response payload: ' + JSON.stringify( trigger ) );\nvar req = http.request({\nmethod: 'POST',\nendpoint: 'xMatters',\npath: '/reapi/2015-04-01/forms/c39169ae-4710-4865-a01f-1341170785af/triggers',\nheaders: {\n'Content-Type': 'application/json'\n}\n});\nreq.write(trigger);\n\n\n",
      "environment": "HOSTED"
    }
  ],
  "endpoints": [],
  "constants": []
}