[
  {
    "id": "898306eb-13b1-4b5d-a6db-9b9d786519bc",
    "name": "Inbound from Loggly",
    "description": "",
    "icon": "https://s3-xmatters-static.s3.amazonaws.com/null/customers/aa4ff4cd-06da-460c-b2d0-bb34ad66da69/IMAGE__20200529195746527__appoptics.png",
    "script": "var data = JSON.parse( request.body );\n\n// Outputs\noutput[\"edit_alert_link\"] = data.edit_alert_link;\noutput[\"source_group\"] = data.source_group;\noutput[\"start_time\"] = data.start_time;\noutput[\"end_time\"] = data.end_time;\noutput[\"search_link\"] = data.search_link;\noutput[\"snooze_link\"] = data.snooze_link;\noutput[\"owner_username\"] = data.owner_username;\noutput[\"owner_email\"] = data.owner_email;\noutput[\"query\"] = data.query;\noutput[\"num_hits\"] = data.num_hits;\n",
    "allowedEnvironment": "HOSTED",
    "accessibleByAll": "NotShared",
    "triggerAuthType": "URL_AUTH",
    "scriptStepType": "CUSTOM_HTTP",
    "inputs": [],
    "outputs": [
      {
        "id": "85186b76-60b6-4ec0-8e18-341e9f985e5b",
        "name": "edit_alert_link",
        "position": 0
      },
      {
        "id": "97178209-b49a-4b34-9668-64a4a4c4a642",
        "name": "source_group",
        "position": 1
      },
      {
        "id": "6224e8b2-def3-4ec8-9abd-2fb7b4019ded",
        "name": "start_time",
        "position": 2
      },
      {
        "id": "20cce894-d47c-4eb7-b8b5-6d14c1e38ed1",
        "name": "end_time",
        "position": 3
      },
      {
        "id": "63662ff0-444a-4a9c-be02-98f6edd29eb8",
        "name": "search_link",
        "position": 4
      },
      {
        "id": "a9fa0d61-d3c3-4e96-bf95-cfb835ec446d",
        "name": "snooze_link",
        "position": 5
      },
      {
        "id": "e6855a8d-1063-433f-a3ae-7af5f738e736",
        "name": "owner_username",
        "position": 6
      },
      {
        "id": "98495b32-d820-4aad-bfd0-671f6d379ed4",
        "name": "owner_email",
        "position": 7
      },
      {
        "id": "53df9d2d-2dc2-4284-afdd-81adabe4a0ad",
        "name": "query",
        "position": 8
      },
      {
        "id": "33835854-0c28-4887-904e-1b9ea3800eaa",
        "name": "num_hits",
        "position": 9
      }
    ],
    "libraries": []
  }
]