[
  {
    "baseType": 3,
    "name": "Body",
    "defaultValue": "",
    "description": "",
    "helpText": "",
    "isSystem": false,
    "minLength": 0,
    "maxLength": 2000,
    "validationRegex": "",
    "isValidate": false,
    "uuid": "eb035da3-a578-4efa-bdbf-e37e9f8eaa68"
  },
  {
    "baseType": 3,
    "name": "edit_alert_link",
    "defaultValue": "",
    "description": "",
    "helpText": "",
    "isSystem": false,
    "minLength": 0,
    "maxLength": 2000,
    "validationRegex": "",
    "isValidate": false,
    "uuid": "fa9e4bc8-f4f6-47e1-ba39-80cea8555858"
  },
  {
    "baseType": 3,
    "name": "end_time",
    "defaultValue": "",
    "description": "",
    "helpText": "",
    "isSystem": false,
    "minLength": 0,
    "maxLength": 2000,
    "validationRegex": "",
    "isValidate": false,
    "uuid": "67b82d96-b49a-4c86-8afb-f55a9ee1c630"
  },
  {
    "baseType": 3,
    "name": "num_hits",
    "defaultValue": "",
    "description": "",
    "helpText": "",
    "isSystem": false,
    "minLength": 0,
    "maxLength": 100,
    "validationRegex": "",
    "isValidate": false,
    "uuid": "833d093a-1fdd-4804-96a8-72fe87ae8e07"
  },
  {
    "baseType": 3,
    "name": "owner_email",
    "defaultValue": "",
    "description": "",
    "helpText": "",
    "isSystem": false,
    "minLength": 0,
    "maxLength": 300,
    "validationRegex": "",
    "isValidate": false,
    "uuid": "3cea698d-5e0f-4a22-9ced-66f13743095f"
  },
  {
    "baseType": 3,
    "name": "owner_username",
    "defaultValue": "",
    "description": "",
    "helpText": "",
    "isSystem": false,
    "minLength": 0,
    "maxLength": 300,
    "validationRegex": "",
    "isValidate": false,
    "uuid": "675625b1-33e2-4549-805d-4e218d74621c"
  },
  {
    "baseType": 3,
    "name": "query",
    "defaultValue": "",
    "description": "",
    "helpText": "",
    "isSystem": false,
    "minLength": 0,
    "maxLength": 2000,
    "validationRegex": "",
    "isValidate": false,
    "uuid": "014ff466-8806-47dd-879c-1436fa62494b"
  },
  {
    "baseType": 3,
    "name": "search_link",
    "defaultValue": "",
    "description": "",
    "helpText": "",
    "isSystem": false,
    "minLength": 0,
    "maxLength": 2000,
    "validationRegex": "",
    "isValidate": false,
    "uuid": "f83b21f7-46bd-4bcb-9695-336f74b08ffd"
  },
  {
    "baseType": 3,
    "name": "snooze_link",
    "defaultValue": "",
    "description": "",
    "helpText": "",
    "isSystem": false,
    "minLength": 0,
    "maxLength": 2000,
    "validationRegex": "",
    "isValidate": false,
    "uuid": "bbc9c9cd-6864-4fc2-87f3-8b6e670b6919"
  },
  {
    "baseType": 3,
    "name": "source_group",
    "defaultValue": "",
    "description": "",
    "helpText": "",
    "isSystem": false,
    "minLength": 0,
    "maxLength": 2000,
    "validationRegex": "",
    "isValidate": false,
    "uuid": "704cf25c-d96c-4ced-9e08-277de5749959"
  },
  {
    "baseType": 3,
    "name": "start_time",
    "defaultValue": "",
    "description": "",
    "helpText": "",
    "isSystem": false,
    "minLength": 0,
    "maxLength": 2000,
    "validationRegex": "",
    "isValidate": false,
    "uuid": "605a9af1-2eb3-4eb0-b58d-f102bfd77e41"
  },
  {
    "baseType": 3,
    "name": "Subject",
    "defaultValue": "",
    "description": "",
    "helpText": "",
    "isSystem": false,
    "minLength": 0,
    "maxLength": 500,
    "validationRegex": "",
    "isValidate": false,
    "uuid": "782391d3-483c-40fc-850c-8ea7153e4517"
  }
]