{
  "name": "Loggly Alert",
  "form": "5b696c85-8fa6-4bf2-a1cb-0b88f08e35de",
  "blocks": [
    {
      "id": "2e8a3c74-f5c1-4d23-9bc1-58ed66a10184",
      "label": "Acknowledge",
      "environment": "HOSTED",
      "presentation": "{}",
      "step": "06699029-27e9-4226-a9ce-b56107f122d1",
      "stepType": "INTEGRATION"
    },
    {
      "id": "24c78b40-0010-48db-b4d5-dcb0d444be89",
      "label": "Create Event - Loggly Alert",
      "environment": "HOSTED",
      "presentation": "{\"w\":60,\"x\":220,\"h\":60,\"y\":40}",
      "step": "5b696c85-8fa6-4bf2-a1cb-0b88f08e35de",
      "stepType": "CREATE_EVENT",
      "inputMappings": [
        {
          "inputPort": "input",
          "mapping": "${233e6245-c0a7-456c-8567-a85a807abad1.search_link}",
          "sectionItemKey": "f83b21f7-46bd-4bcb-9695-336f74b08ffd"
        },
        {
          "inputPort": "input",
          "mapping": "${233e6245-c0a7-456c-8567-a85a807abad1.owner_username}",
          "sectionItemKey": "675625b1-33e2-4549-805d-4e218d74621c"
        },
        {
          "inputPort": "input",
          "mapping": "${233e6245-c0a7-456c-8567-a85a807abad1.edit_alert_link}",
          "sectionItemKey": "fa9e4bc8-f4f6-47e1-ba39-80cea8555858"
        },
        {
          "inputPort": "input",
          "mapping": "${233e6245-c0a7-456c-8567-a85a807abad1.owner_email}",
          "sectionItemKey": "3cea698d-5e0f-4a22-9ced-66f13743095f"
        },
        {
          "inputPort": "input",
          "mapping": "${233e6245-c0a7-456c-8567-a85a807abad1.end_time}",
          "sectionItemKey": "67b82d96-b49a-4c86-8afb-f55a9ee1c630"
        },
        {
          "inputPort": "input",
          "mapping": "${233e6245-c0a7-456c-8567-a85a807abad1.query}",
          "sectionItemKey": "014ff466-8806-47dd-879c-1436fa62494b"
        },
        {
          "inputPort": "input",
          "mapping": "${233e6245-c0a7-456c-8567-a85a807abad1.num_hits}",
          "sectionItemKey": "833d093a-1fdd-4804-96a8-72fe87ae8e07"
        },
        {
          "inputPort": "input",
          "mapping": "${233e6245-c0a7-456c-8567-a85a807abad1.snooze_link}",
          "sectionItemKey": "bbc9c9cd-6864-4fc2-87f3-8b6e670b6919"
        },
        {
          "inputPort": "input",
          "mapping": "${233e6245-c0a7-456c-8567-a85a807abad1.source_group}",
          "sectionItemKey": "704cf25c-d96c-4ced-9e08-277de5749959"
        },
        {
          "inputPort": "input",
          "mapping": "${233e6245-c0a7-456c-8567-a85a807abad1.start_time}",
          "sectionItemKey": "605a9af1-2eb3-4eb0-b58d-f102bfd77e41"
        }
      ]
    },
    {
      "id": "ff920a18-55ac-4966-be37-2c5a23048d8b",
      "label": "Escalate",
      "environment": "HOSTED",
      "presentation": "{}",
      "step": "62219ae8-8fb6-43b8-ac6b-8c95355edae9",
      "stepType": "INTEGRATION"
    },
    {
      "id": "233e6245-c0a7-456c-8567-a85a807abad1",
      "label": "Loggly Alert - Inbound from Loggly",
      "environment": "HOSTED",
      "presentation": "{\"w\":60,\"x\":0,\"h\":60,\"y\":40}",
      "step": "ec3941a8-f37f-4a26-8c2f-94fb2b05e62c",
      "stepType": "INTEGRATION"
    },
    {
      "id": "96abb970-393f-4d17-a4f7-d8c76ba359c4",
      "label": "Responses",
      "environment": "HOSTED",
      "presentation": "{\"w\":100,\"x\":0,\"h\":50,\"y\":260}",
      "stepType": "RESPONSES"
    }
  ],
  "edges": [
    {
      "fromBlock": "233e6245-c0a7-456c-8567-a85a807abad1",
      "fromPort": "output",
      "toBlock": "24c78b40-0010-48db-b4d5-dcb0d444be89",
      "toPort": "input"
    }
  ]
}